{"1": {"0": {"1": {"PIA": 0.2728412652919702, "IPA": 2.505110487364354, "MPA": 0.3592485348762935}, "2": {"PIA": 0.27978142933842187, "IPA": 2.462310921804227, "MPA": 0.3586497814751362}, "3": {"PIA": 0.3370011166932651, "IPA": 2.578081425610374, "MPA": 0.4327350278166492}, "4": {"PIA": 0.33792436603151255, "IPA": 2.6131195694294806, "MPA": 0.4354271414151459}}, "1": {"1": {"PIA": 0.5357226233553157, "IPA": 3.0955338128494434, "MPA": 0.7186801624320236}, "2": {"PIA": 0.5383194804964897, "IPA": 3.01637028762092, "MPA": 0.7148109601600824}, "3": {"PIA": 0.559166760544234, "IPA": 2.9216558912132173, "MPA": 0.7508021614027999}, "4": {"PIA": 0.5268792259796358, "IPA": 2.8315144684099116, "MPA": 0.7125337813464957}}, "2": {"1": {"PIA": 0.7079576162034188, "IPA": 2.554026759483007, "MPA": 0.9861584190744128}, "2": {"PIA": 0.6632936184252263, "IPA": 2.5887047264420247, "MPA": 0.93356694431965}, "3": {"PIA": 0.6636047895691375, "IPA": 2.550458411216814, "MPA": 0.9395707367504411}, "4": {"PIA": 0.6264930389919634, "IPA": 2.5329554370877587, "MPA": 0.8899955020538665}}, "3": {"1": {"PIA": 0.6909644170200488, "IPA": 2.251132909028567, "MPA": 1.0576291380165004}, "2": {"PIA": 0.6652273836056785, "IPA": 2.3031523087354593, "MPA": 1.0152914140379965}, "3": {"PIA": 0.6639306377002605, "IPA": 2.303465656019804, "MPA": 1.0100177258767562}, "4": {"PIA": 0.6282344499496572, "IPA": 2.332814125554763, "MPA": 0.9494045637418145}}, "4": {"1": {"PIA": 0.7387090180623112, "IPA": 1.9896048914457298, "MPA": 1.175958112027194}, "2": {"PIA": 0.7071763421862063, "IPA": 2.073563294531577, "MPA": 1.1192751223299156}, "3": {"PIA": 0.6733782897593578, "IPA": 2.197869685827862, "MPA": 1.050121646698319}, "4": {"PIA": 0.6570780159490114, "IPA": 2.1812344687018848, "MPA": 1.019827585305044}}, "5": {"1": {"PIA": 0.07383290256795079, "IPA": 2.337784240711084, "MPA": 0.10723711720633278}, "2": {"PIA": 0.04744460965122882, "IPA": 2.2737970012445126, "MPA": 0.06872518849436163}, "3": {"PIA": 0.06120617372083923, "IPA": 2.22834226840894, "MPA": 0.08681661601426448}, "4": {"PIA": 0.06594905906095574, "IPA": 2.2203909645271174, "MPA": 0.09301646085273908}}, "6": {"1": {"PIA": 0.03501949820102615, "IPA": 1.8464384140189505, "MPA": 0.04438373308818275}, "2": {"PIA": 0.019755393755927612, "IPA": 1.7784988022482173, "MPA": 0.02472903364724724}, "3": {"PIA": 0.01905167326055101, "IPA": 1.7691729341056253, "MPA": 0.02389991474968796}, "4": {"PIA": 0.031263185908147674, "IPA": 1.803972151819823, "MPA": 0.03919968902678557}}, "7": {"1": {"PIA": 0.11208242012971992, "IPA": 2.0035351264304104, "MPA": 0.14150670204972557}, "2": {"PIA": 0.11944994209447422, "IPA": 2.009574177471361, "MPA": 0.14952696001951427}, "3": {"PIA": 0.3286836254035833, "IPA": 2.362069101482654, "MPA": 0.4027055821903274}, "4": {"PIA": 0.331890830502319, "IPA": 2.350321310489976, "MPA": 0.4071918271108573}}, "8": {"1": {"PIA": 0.7933908108469334, "IPA": 2.7216021379673214, "MPA": 1.0059107817925859}, "2": {"PIA": 0.7973829595533563, "IPA": 2.648325524249607, "MPA": 1.0183432189075419}, "3": {"PIA": 0.7861425366118839, "IPA": 2.7172743907277934, "MPA": 0.9912988976489042}, "4": {"PIA": 0.7347772230656513, "IPA": 2.703244041517223, "MPA": 0.9313235976518112}}, "9": {"1": {"PIA": 1.223693992287628, "IPA": 1.8121582123791318, "MPA": 1.5289104012305978}, "2": {"PIA": 1.2189230430366513, "IPA": 1.765715907260105, "MPA": 1.5363609930018223}, "3": {"PIA": 1.1951636287873946, "IPA": 1.7544651057158407, "MPA": 1.5335644944694349}, "4": {"PIA": 1.1299442255472807, "IPA": 1.80508130786036, "MPA": 1.4728802580634472}}, "10": {"1": {"PIA": 0.8178343500777139, "IPA": 3.0007199527834976, "MPA": 0.9567002409903795}, "2": {"PIA": 0.7485906980872375, "IPA": 2.93903778272892, "MPA": 0.8413339191068853}, "3": {"PIA": 0.7476286460501601, "IPA": 2.864906528205341, "MPA": 0.8462412378059152}, "4": {"PIA": 0.7858069079289417, "IPA": 2.782087816779464, "MPA": 0.9277459271823775}}, "11": {"1": {"PIA": 0.061485497623806, "IPA": 1.575500550967496, "MPA": 0.07033976211685357}, "2": {"PIA": 0.04703262926634003, "IPA": 1.4950268490698508, "MPA": 0.053188515942016464}, "3": {"PIA": 0.04883684573213584, "IPA": 1.4970952497077417, "MPA": 0.05510102615391237}, "4": {"PIA": 0.035833154501083014, "IPA": 1.4645979879466833, "MPA": 0.040078990330332936}}, "12": {"1": {"PIA": 0.04568255953795513, "IPA": 1.6119143100219466, "MPA": 0.05348035533208222}, "2": {"PIA": 0.049669572942601395, "IPA": 1.6371991833090167, "MPA": 0.05825283114455763}, "3": {"PIA": 0.06729152380963555, "IPA": 1.6790138939822283, "MPA": 0.08003579333367448}, "4": {"PIA": 0.08328893592163507, "IPA": 1.6465875921905875, "MPA": 0.10050396146941681}}, "13": {"1": {"PIA": 0.04683902247814848, "IPA": 1.553577542971349, "MPA": 0.053887268710290245}, "2": {"PIA": 0.04959618279110453, "IPA": 1.590381393614705, "MPA": 0.057218880879211995}, "3": {"PIA": 0.06074399664870014, "IPA": 1.6181111938990822, "MPA": 0.07108735317342485}, "4": {"PIA": 0.08037738713174097, "IPA": 1.5984379628154122, "MPA": 0.09565599832562233}}, "14": {"1": {"PIA": 0.046608705730874826, "IPA": 1.8380265751168363, "MPA": 0.05849032377837662}, "2": {"PIA": 0.052632106923727814, "IPA": 1.9131654085926033, "MPA": 0.067020086386876}, "3": {"PIA": 0.057315688530110064, "IPA": 1.9208815131762413, "MPA": 0.07392321810650032}, "4": {"PIA": 0.061428190261838975, "IPA": 1.847043026832774, "MPA": 0.08025418570285184}}, "15": {"1": {"PIA": 0.16950584319816472, "IPA": 1.9649795506295356, "MPA": 0.20373775165259564}, "2": {"PIA": 0.17155219490846502, "IPA": 2.0526022115909055, "MPA": 0.2093573968873671}, "3": {"PIA": 0.1950019762105969, "IPA": 2.114359930729916, "MPA": 0.24046521791448158}, "4": {"PIA": 0.19562524676843332, "IPA": 2.1007902128583837, "MPA": 0.24411935738630305}}, "16": {"1": {"PIA": 0.3376880207206717, "IPA": 3.0008667155706563, "MPA": 0.49447554450545794}, "2": {"PIA": 0.33590835764510135, "IPA": 3.018210806251477, "MPA": 0.5082165777722523}, "3": {"PIA": 0.31798741798520713, "IPA": 2.9554725941942204, "MPA": 0.4910316157550987}, "4": {"PIA": 0.3109335555515589, "IPA": 2.8105040680378623, "MPA": 0.4793394891317334}}, "17": {"1": {"PIA": 0.13743069676620026, "IPA": 2.353345148310612, "MPA": 0.19097201654491736}, "2": {"PIA": 0.1428867606218925, "IPA": 2.396841931357562, "MPA": 0.19886959225877165}, "3": {"PIA": 0.14846219524165066, "IPA": 2.43362463398329, "MPA": 0.2103795336863733}, "4": {"PIA": 0.16583524173726627, "IPA": 2.454988957630576, "MPA": 0.23889361229045966}}, "18": {"1": {"PIA": 0.12195028510048209, "IPA": 2.1669185767121575, "MPA": 0.14693445239062128}, "2": {"PIA": 0.06931503256497669, "IPA": 2.141053455151, "MPA": 0.09106894895457708}, "3": {"PIA": 0.07886476374932924, "IPA": 2.155497420310846, "MPA": 0.10216485776012194}, "4": {"PIA": 0.13853497415718496, "IPA": 2.223174298536596, "MPA": 0.17317854617669867}}, "19": {"1": {"PIA": 0.06591257166979252, "IPA": 1.9484053109122808, "MPA": 0.08442030991799972}, "2": {"PIA": 0.05516196252981888, "IPA": 1.9354602546070567, "MPA": 0.07026580001949281}, "3": {"PIA": 0.1381403097540053, "IPA": 1.9672507222076983, "MPA": 0.16871907047557538}, "4": {"PIA": 0.1357797416804354, "IPA": 1.8830611881439103, "MPA": 0.16421715170621384}}}, "none": {"0": {"1": {"PIA": 0.6435259104826004, "IPA": 1.0653850702674372, "MPA": 1.4703076514782085}, "2": {"PIA": 0.6345942567270765, "IPA": 1.0740611576249224, "MPA": 1.4564302303163739}, "3": {"PIA": 0.6350405143724448, "IPA": 1.0923428630522747, "MPA": 1.452062772561155}, "4": {"PIA": 0.6341036573931509, "IPA": 1.113331182176456, "MPA": 1.441816252245227}}, "1": {"1": {"PIA": 0.6070353584768293, "IPA": 1.0869952628038162, "MPA": 1.4279623151308787}, "2": {"PIA": 0.5973866802155243, "IPA": 1.0565923905661212, "MPA": 1.436147342404907}, "3": {"PIA": 0.5961856374199955, "IPA": 1.053548619374041, "MPA": 1.4392309111492883}, "4": {"PIA": 0.6034615440068398, "IPA": 1.0710566007588622, "MPA": 1.438687772402421}}, "2": {"1": {"PIA": 0.6444299641238204,