{"1": {"0": {"1": {"PIA": 0.07759764562570841, "IPA": 1.867665245922245, "MPA": 0.09617576384958348}, "2": {"PIA": 0.08557288545251655, "IPA": 1.8643293003298849, "MPA": 0.10478476336437828}, "3": {"PIA": 0.1351158040311333, "IPA": 1.9711711493596995, "MPA": 0.16624131865765723}, "4": {"PIA": 0.1306731440510668, "IPA": 1.918104037821309, "MPA": 0.15922816222246117}}, "1": {"1": {"PIA": 0.22558579307239646, "IPA": 2.2375010858516386, "MPA": 0.2828786443027674}, "2": {"PIA": 0.2218973682120412, "IPA": 2.2672196415318555, "MPA": 0.27968077781662365}, "3": {"PIA": 0.3408182610854344, "IPA": 2.532614189625615, "MPA": 0.43354891727450956}, "4": {"PIA": 0.3355691016604715, "IPA": 2.464243450201205, "MPA": 0.42596043684235907}}, "2": {"1": {"PIA": 0.2953139309259881, "IPA": 2.8336285809831803, "MPA": 0.4240137639225823}, "2": {"PIA": 0.3533472590826093, "IPA": 2.9081035197130403, "MPA": 0.49693115725745335}, "3": {"PIA": 0.45900989060650665, "IPA": 2.9326714706515915, "MPA": 0.6215352402749211}, "4": {"PIA": 0.4561485870098533, "IPA": 2.762513247132887, "MPA": 0.6092860413953272}}, "3": {"1": {"PIA": 0.6680731903873046, "IPA": 2.355102005785336, "MPA": 1.0094434404118033}, "2": {"PIA": 0.6426056474134286, "IPA": 2.4057613254668806, "MPA": 0.9671968471929699}, "3": {"PIA": 0.6459965596053624, "IPA": 2.3891480426337743, "MPA": 0.9707228716815136}, "4": {"PIA": 0.6212027705009866, "IPA": 2.430344713895782, "MPA": 0.9331620599819228}}, "4": {"1": {"PIA": 0.7141805825851981, "IPA": 2.323028059475323, "MPA": 1.0543673096291144}, "2": {"PIA": 0.7090260869616112, "IPA": 2.3194044771992925, "MPA": 1.0440601180289788}, "3": {"PIA": 0.6881696518093608, "IPA": 2.3500095891663166, "MPA": 1.017902730473313}, "4": {"PIA": 0.6518933168708243, "IPA": 2.4076554261648986, "MPA": 0.9632115143771262}}, "5": {"1": {"PIA": 0.5994217851845125, "IPA": 3.0754401669840714, "MPA": 0.7514171812636509}, "2": {"PIA": 0.5442192524344988, "IPA": 2.889936944193369, "MPA": 0.6718658863903398}, "3": {"PIA": 0.5628187209101378, "IPA": 2.8897183202637766, "MPA": 0.7008587293076625}, "4": {"PIA": 0.5822492631605231, "IPA": 2.8345141965691902, "MPA": 0.739275604088822}}, "6": {"1": {"PIA": 0.0521755852185437, "IPA": 1.4664721716847506, "MPA": 0.05842767463123106}, "2": {"PIA": 0.01986326568846743, "IPA": 1.3177179792076708, "MPA": 0.021687411683864066}, "3": {"PIA": 0.03549309790842937, "IPA": 1.3668081798028728, "MPA": 0.039035344188658956}, "4": {"PIA": 0.04056291077917704, "IPA": 1.330259806557163, "MPA": 0.043867987646493925}}, "7": {"1": {"PIA": 0.5851514557987446, "IPA": 2.4560828159065573, "MPA": 0.6324187405930718}, "2": {"PIA": 0.6358595530747579, "IPA": 2.4824967369400297, "MPA": 0.6745788972931733}, "3": {"PIA": 0.6527203036172385, "IPA": 2.4885119079448343, "MPA": 0.6939718530962135}, "4": {"PIA": 0.6689772717472385, "IPA": 2.540780345679217, "MPA": 0.7181654175849989}}, "8": {"1": {"PIA": 0.9926489813273011, "IPA": 2.8284465658738593, "MPA": 1.109013785890838}, "2": {"PIA": 0.9869356647870563, "IPA": 2.7620307808696283, "MPA": 1.111511358297551}, "3": {"PIA": 0.9685721050214066, "IPA": 2.794195216004341, "MPA": 1.0867270879816104}, "4": {"PIA": 0.9693105740416661, "IPA": 2.67777392149501, "MPA": 1.093058493307728}}, "9": {"1": {"PIA": 1.0916459546694521, "IPA": 2.2901032227106555, "MPA": 1.3100840963396254}, "2": {"PIA": 1.0732534033783454, "IPA": 2.249663149568384, "MPA": 1.3035435237995623}, "3": {"PIA": 1.0645586714018898, "IPA": 2.3148280581323806, "MPA": 1.2793206500911498}, "4": {"PIA": 1.0177306211625237, "IPA": 2.309415559939942, "MPA": 1.2309513575576898}}, "10": {"1": {"PIA": 1.1319474523317083, "IPA": 1.8812131229702653, "MPA": 1.4586413453216787}, "2": {"PIA": 1.1111357873442351, "IPA": 1.8382111839302975, "MPA": 1.4558709431230057}, "3": {"PIA": 0.9940773772640749, "IPA": 2.069856876092718, "MPA": 1.3124438247397323}, "4": {"PIA": 0.9489082925856331, "IPA": 2.105290849441268, "MPA": 1.2511634148048643}}, "11": {"1": {"PIA": 1.0411081069823886, "IPA": 1.82053140790222, "MPA": 1.428337212383181}, "2": {"PIA": 1.013245572349751, "IPA": 1.8295385778740278, "MPA": 1.4039636140592873}, "3": {"PIA": 0.8690210643165701, "IPA": 2.138917584414838, "MPA": 1.2113251855060039}, "4": {"PIA": 0.8275695587834737, "IPA": 2.142976826970694, "MPA": 1.1556966980178809}}, "12": {"1": {"PIA": 0.9951855076039096, "IPA": 1.89926650726511, "MPA": 1.3754348935898495}, "2": {"PIA": 0.9665189861971212, "IPA": 1.9028193776582747, "MPA": 1.3515309681574879}, "3": {"PIA": 0.7626865373887719, "IPA": 2.2230182617003056, "MPA": 1.1112731090391212}, "4": {"PIA": 0.7271175752479859, "IPA": 2.2147132248121926, "MPA": 1.0616051243730398}}, "13": {"1": {"PIA": 0.4527253672417535, "IPA": 2.847858128429405, "MPA": 0.69296708416528}, "2": {"PIA": 0.3987681959639256, "IPA": 2.9331149183396765, "MPA": 0.6082810309696649}, "3": {"PIA": 0.2821421708452028, "IPA": 2.388186874912006, "MPA": 0.3573400582650977}, "4": {"PIA": 0.2494838218662663, "IPA": 2.073612248889531, "MPA": 0.29531469711716146}}, "14": {"1": {"PIA": 0.027754266278057056, "IPA": 1.9690902985431509, "MPA": 0.03690181038275217}, "2": {"PIA": 0.024742392028830423, "IPA": 2.0207883925565375, "MPA": 0.03342363620321747}, "3": {"PIA": 0.027984511125477684, "IPA": 2.163533093441639, "MPA": 0.03929586042279236}, "4": {"PIA": 0.04876567301812941, "IPA": 2.2834384525411435, "MPA": 0.06956561361652733}}, "15": {"1": {"PIA": 0.031006043610844677, "IPA": 1.8551563561726394, "MPA": 0.03944427070158978}, "2": {"PIA": 0.029797658496587855, "IPA": 1.9105130185970622, "MPA": 0.038662203661645134}, "3": {"PIA": 0.017810512652305134, "IPA": 2.0670340194625254, "MPA": 0.024569363523311346}, "4": {"PIA": 0.02564641221056299, "IPA": 2.126431921471833, "MPA": 0.03516784580870836}}, "16": {"1": {"PIA": 0.15309739074345302, "IPA": 2.2280045420709547, "MPA": 0.2008424383817355}, "2": {"PIA": 0.1855494558955437, "IPA": 2.0495370025374093, "MPA": 0.22581675378873786}, "3": {"PIA": 0.1737870768465707, "IPA": 1.9702074146069692, "MPA": 0.20891002940556147}, "4": {"PIA": 0.16999856634958393, "IPA": 1.8753536669374955, "MPA": 0.19857616261166838}}, "17": {"1": {"PIA": 0.04627794198569608, "IPA": 2.003720059988068, "MPA": 0.06140435016397835}, "2": {"PIA": 0.031069437689897044, "IPA": 1.9185013300967886, "MPA": 0.04035903374601055}, "3": {"PIA": 0.02962579450249908, "IPA": 1.8964887205551875, "MPA": 0.03842467381637432}, "4": {"PIA": 0.028891683173787788, "IPA": 1.8208270036139016, "MPA": 0.03704174303697564}}, "18": {"1": {"PIA": 0.04300455199241142, "IPA": 1.8343158336344216, "MPA": 0.05399342943556335}, "2": {"PIA": 0.03771562182332279, "IPA": 1.8325584409843694, "MPA": 0.04721804015370549}, "3": {"PIA": 0.03695523565803873, "IPA": 1.8438205222068027, "MPA": 0.046644020904808396}, "4": {"PIA": 0.038281350037704547, "IPA": 1.8322642933512903, "MPA": 0.048877318267851466}}, "19": {"1": {"PIA": 0.04856218922171369, "IPA": 1.9264896132768368, "MPA": 0.06257438808697251}, "2": {"PIA": 0.04394845405026632, "IPA": 1.9352813830269426, "MPA": 0.05659715061311059}, "3": {"PIA": 0.04236665318237306, "IPA": 1.8555632540300104, "MPA": 0.05334790129518152}, "4": {"PIA": 0.03987381829731913, "IPA": 1.7559954129331494, "MPA": 0.04825515481057111}}}, "none": {"0": {"1": {"PIA": 0.5972822102177823, "IPA": 1.6538469869056902, "MPA": 1.1811187011499964}, "2": {"PIA": 0.5777768568188353, "IPA": 1.622061072233089, "MPA": 1.173660289307124}, "3": {"PIA": 0.578644550893443, "IPA": 1.568653569087756, "MPA": 1.1994752722389799}, "4": {"PIA": 0.5832592074470888, "IPA": 1.6120038560356835, "MPA": 1.20256775966145}}, "1": {"1": {"PIA": 0.6170260647349243, "IPA": 1.1418882696412314, "MPA": 1.4101208899128306}, "2": {"PIA": 0.5842196984813439, "IPA": 1.1047994266325551, "MPA": 1.4035252710146933}, "3": {"PIA": 0.5912186257480434, "IPA": 1.128061607377488, "MPA": 1.402122739105564}, "4": {"PIA": 0.6034354741417498, "IPA": 1.1356160024944588, "MPA": 1.4039714046214626}}, "2": {"1": {"PIA": 0.6088764339237682,